USER;TIPO;CODE;ORIGINAL;SPAIN;LATAM
0;movie;1375666;Inception;Origen (Spain);El origen (Chile)
0;movie;7146812;Onward;Onward (Spain);Unidos (Chile)
0;movie;6966692;Green Book;Green Book (Spain);Green Book: Una amistad sin fronteras (Chile)
0;show;6470478;The Good Doctor;The Good Doctor (Spain);ND
0;show;3566726;Jane the Virgin;Jane the Virgin (Spain);ND
0;show;0903747;Breaking Bad;Breaking Bad (Spain);Breaking Bad (Argentina)
1;movie;0364569;Oldboy;Old Boy (Spain);Old Boy (Chile)
1;movie;0172495;Gladiator;Gladiator (Spain) (alternative title);Gladiador (Chile)
1;movie;0094625;Akira;Akira (Spain);Akira (Chile)
1;show;0213338;Cowboy Bebop;Cowboy Bebop (Spain);Cowboy Bebop (Argentina)
1;show;0472954;It's Always Sunny in Philadelphia;Colgados en Filadelfia (Spain);ND
1;show;0141842;The Sopranos;Los Soprano (Spain);Los Soprano (Argentina)
2;movie;7286456;Joker;Joker (Spain);Guasón (Chile)
2;movie;1396484;It;It (Spain);It (Eso) (Chile)
2;movie;7349950;It Chapter Two;It: Capítulo 2 (Spain);It capítulo 2 (Chile)
2;show;0903747;Breaking Bad;Breaking Bad (Spain);Breaking Bad (Argentina)
2;show;0412142;House;House (Spain);Dr. House (Chile)
2;show;0877057;Death Note;Death Note (Spain);Death Note (Argentina)
3;movie;3622592;Paper Towns;Ciudades de papel (Spain);Ciudades de papel (Chile)
3;movie;1636826;Project X;Project X (Spain);Proyecto X (Chile)
3;show;4580372;Merlí;Merlí (Spain) (Catalan title);ND
3;show;7134908;Elite;Élite (Spain);ND
3;show;2861424;Rick and Morty;Rick y Morty (Spain);Rick y Morty (Argentina)
4;movie;0443274;Vantage Point;En el punto de mira (Spain);Puntos de vista (Argentina)
4;movie;0338526;Van Helsing;Van Helsing (Spain);Van Helsing: El cazador de monstruos (Argentina)
4;movie;0298148;Shrek 2;Shrek 2 (Spain);Shrek 2 (Argentina)
4;show;1196946;The Mentalist;El mentalista (Spain);El mentalista (Argentina)
4;show;5180504;The Witcher;The Witcher (Spain);The Witcher (Argentina)
4;show;0944947;Game of Thrones;Juego de tronos (Spain);Game of Thrones (Chile)
5;movie;0109830;Forrest Gump;Forrest Gump (Spain);Forrest Gump (Argentina)
5;movie;0120815;Saving Private Ryan;Salvar al soldado Ryan (Spain);Rescatando al soldado Ryan (Argentina)
5;movie;2119532;Hacksaw Ridge;Hasta el último hombre (Spain);Hasta el último hombre (Chile)
5;show;1442437;Modern Family;Modern Family (Spain);Modern Family (Argentina)
5;show;4326894;F Is for Family;F is for Family (Spain);F is for Family (Argentina)
5;show;2560140;Attack on Titan;Ataque a los titanes (Spain);ND
6;movie;8579674;1917;1917 (Spain);1917 (Chile)
6;movie;0993846;The Wolf of Wall Street;El lobo de Wall Street (Spain);El lobo de Wall Street (Chile)
6;movie;0137523;Fight Club;El club de la lucha (Spain);El club de la pelea (Argentina)
6;show;0212671;Malcolm in the Middle;Malcolm (Spain);Malcolm (Argentina)
6;show;2306299;Vikings;Vikingos (Spain);Vikingos (Argentina)
6;show;5753856;Dark;Dark (Spain);Dark (Argentina)
7;movie;0327597;Coraline;Los mundos de Coraline (Spain);Coraline y la puerta secreta (Argentina)
7;movie;2872732;Lucy;Lucy (Spain);Lucy (Chile)
7;movie;0816692;Interstellar;Interstellar (Spain);Interestelar (Chile)
7;show;5753856;Dark;Dark (Spain);Dark (Argentina)
7;show;7562112;Pose;Pose (Spain);ND
7;show;0096697;The Simpsons;Los Simpson (Spain);Los Simpson (Argentina)
8;movie;2674426;Me Before You;Antes de ti (Spain);Yo antes de ti (Chile)
8;movie;1972779;The Best of Me;Lo mejor de mí (Spain);Lo mejor de mí (Chile)
8;movie;1294226;The Last Song;La última canción (Spain);La última canción (Argentina)
8;show;0413573;Grey's Anatomy;Anatomía de Grey (Spain);Grey's Anatomy (Argentina)
8;show;6468322;Money Heist;La Casa de Papel: Parte 3 (Spain) (third season title);ND
8;show;0397442;Gossip Girl;Gossip Girl (Spain);Gossip Girl: Chica Indiscreta (Argentina)
9;movie;1049413;Up;Up (Spain);Up: Una Aventura de Altura (Chile)
9;movie;0167260;The Lord of the Rings: The Return of the King;El señor de los anillos: El retorno del rey (Spain);El señor de los anillos: El retorno del rey (Argentina)
9;movie;0457510;Nacho Libre;Super Nacho (Spain);ND
9;show;4508902;One Punch Man;One Punch Man (Spain);ND
9;show;11428586;Somali and the Forest Spirit;ND;ND
9;show;2098220;Hunter x Hunter;Hunter x Hunter (Spain);ND
10;movie;0433035;Real Steel;Acero puro (Spain);Gigantes de acero (Chile)
10;movie;0393162;Coach Carter;Entrenador Carter (Spain) (literal title);Juego de honor (Argentina) (video title)
10;movie;1637725;Ted;Ted (Spain);Ted (Chile)
10;show;6317068;Final Space;Final Space (Spain);ND
10;show;3398228;BoJack Horseman;BoJack Horseman (Spain);ND
10;show;5180504;The Witcher;The Witcher (Spain);The Witcher (Argentina)
11;movie;0068646;The Godfather;El padrino (Spain);El padrino (Chile)
11;movie;0167261;The Lord of the Rings: The Two Towers;El señor de los anillos: Las dos torres (Spain);El señor de los anillos: Las dos torres (Argentina)
11;movie;0126029;Shrek;Shrek (Spain);Shrek (Argentina)
11;show;0386676;The Office;The Office (Spain);The Office (Argentina)
11;show;0944947;Game of Thrones;Juego de tronos (Spain);Game of Thrones (Chile)
11;show;2442560;Peaky Blinders;Peaky Blinders (Spain);Peaky Blinders (Argentina)
12;movie;1272886;Small Apartments;Mi vecino, el asesino (Spain);La habitación de Franklin (Argentina)
12;movie;0073650;Salò, or the 120 Days of Sodom;Saló o los 120 días de Sodoma (Spain);Salò, o las 120 jornadas de Sodoma (Argentina) (cable TV title)
12;movie;0144084;American Psycho;American Psycho (Spain);Psicópata Americano (Chile)
12;show;0426769;Peppa Pig;Peppa Pig (Spain);ND
12;show;1837492;13 Reasons Why;Por trece razones (Spain);Por 13 razones (Argentina)
12;show;0285368;Ghost Stories;ND;ND
13;movie;2058673;Point Break;Point Break (Sin límites) (Spain);Punto de quiebre (Chile)
13;movie;0423294;Surf's Up;Locos por el surf (Spain);Reyes de las olas (Argentina)
13;movie;0076759;Star Wars: Episode IV - A New Hope;Star Wars: Episodio IV - Una nueva esperanza (Spain) (alternative title);La guerra de las galaxias (Chile)
13;show;0944947;Game of Thrones;Juego de tronos (Spain);Game of Thrones (Chile)
13;show;0411008;Lost;Perdidos (Spain);Lost (Chile)
13;show;0903747;Breaking Bad;Breaking Bad (Spain);Breaking Bad (Argentina)
14;movie;0816692;Interstellar;Interstellar (Spain);Interestelar (Chile)
14;movie;0993846;The Wolf of Wall Street;El lobo de Wall Street (Spain);El lobo de Wall Street (Chile)
14;movie;4154756;Avengers: Infinity War;Vengadores: La guerra del infinito - 1ª parte (Spain) (alternative title);Avengers: Infinity War (Chile)
14;show;2442560;Peaky Blinders;Peaky Blinders (Spain);Peaky Blinders (Argentina)
14;show;0903747;Breaking Bad;Breaking Bad (Spain);Breaking Bad (Argentina)
14;show;2306299;Vikings;Vikingos (Spain);Vikingos (Argentina)
15;movie;0168629;Dancer in the Dark;Bailar en la oscuridad (Spain);Bailarina en la oscuridad (Argentina)
15;movie;1527186;Melancholia;Melancolía (Spain) (Castilian title);Melancolía (Argentina)
15;movie;0095327;Grave of the Fireflies;La tumba de las luciérnagas (Spain);La tumba de las luciérnagas (Chile)
15;show;1913273;Anohana: The Flower We Saw That Day;ND;ND
15;show;1910272;Steins;Gate;Steins;Gate (Spain);ND
15;show;9561862;Love, Death & Robots;Love, Death & Robots (Spain);Love, Death & Robots (Argentina)
16;movie;0298148;Shrek 2;Shrek 2 (Spain);Shrek 2 (Argentina)
16;movie;1454029;The Help;Criadas y señoras (Spain);Historias cruzadas (Chile)
16;movie;1049413;Up;Up (Spain);Up: Una Aventura de Altura (Chile)
16;show;2442560;Peaky Blinders;Peaky Blinders (Spain);Peaky Blinders (Argentina)
16;show;4574334;Stranger Things;Stranger Things (Spain);Stranger Things (Argentina)
16;show;0108778;Friends;Friends (Spain);Friends (Argentina)
17;movie;1972779;The Best of Me;Lo mejor de mí (Spain);Lo mejor de mí (Chile)
17;movie;0251127;How to Lose a Guy in 10 Days;Cómo perder a un chico en 10 días (Spain);Cómo perder a un hombre en 10 días (Argentina)
17;movie;1231583;Due Date;Salidos de cuentas (Spain);Todo un parto (Argentina)
17;show;0413573;Grey's Anatomy;Anatomía de Grey (Spain);Grey's Anatomy (Argentina)
17;show;1405406;The Vampire Diaries;Crónicas vampíricas (Spain);ND
17;show;5674718;Cable Girls;Las chicas del cable (Spain);ND
18;movie;0454848;Inside Man;Plan oculto (Spain);El plan perfecto (Argentina)
18;movie;8367814;The Gentlemen;The Gentlemen: Los señores de la mafia (Spain);Los caballeros: criminales con clase (Chile)
18;movie;0079470;Monty Python's Life of Brian;La vida de Brian (Spain);La vida de Brian (Chile)
18;show;0944947;Game of Thrones;Juego de tronos (Spain);Game of Thrones (Chile)
18;show;1475582;Sherlock;Sherlock (Spain);ND
18;show;2560140;Attack on Titan;Ataque a los titanes (Spain);ND
19;movie;0086250;Scarface;El precio del poder (Spain);Caracortada (Chile)
19;movie;0829482;Superbad;Supersalidos (Spain);Super cool (Argentina)
19;movie;3315342;Logan;Logan (Spain);Logan (Chile)
19;show;3322312;Daredevil;Daredevil (Spain);Daredevil (Argentina)
19;show;0412142;House;House (Spain);Dr. House (Chile)
19;show;5675620;The Punisher;The Punisher (Spain);The Punisher (Argentina)
20;movie;0120338;Titanic;Titanic (Spain);Titanic (Argentina)
20;movie;1707386;Les Misérables;Los miserables (Spain);Los miserables (Chile)
20;movie;0458352;The Devil Wears Prada;El diablo viste de Prada (Spain);El Diablo Viste a la Moda (Chile)
20;show;0397442;Gossip Girl;Gossip Girl (Spain);Gossip Girl: Chica Indiscreta (Argentina)
20;show;8740790;Bridgerton;Los Bridgerton (Spain);Bridgerton (Argentina)
20;show;0413573;Grey's Anatomy;Anatomía de Grey (Spain);Grey's Anatomy (Argentina)
21;movie;0121766;Star Wars: Episode III - Revenge of the Sith;Star Wars: Episodio III - La venganza de los sith (Spain);Star Wars: Episodio III - La venganza de los Sith (Argentina)
21;movie;2582802;Whiplash;Whiplash (Spain);Whiplash, Música y Obsesión (Chile)
21;movie;4154756;Avengers: Infinity War;Vengadores: La guerra del infinito - 1ª parte (Spain) (alternative title);Avengers: Infinity War (Chile)
21;show;8111088;The Mandalorian;The Mandalorian (Spain);The Mandalorian (Argentina)
21;show;2442560;Peaky Blinders;Peaky Blinders (Spain);Peaky Blinders (Argentina)
21;show;7366338;Chernobyl;Chernobyl (Spain);Chernobyl (Argentina)
22;movie;2294449;22 Jump Street;Infiltrados en la universidad (Spain);Comando especial 2 (Chile)
22;movie;0816692;Interstellar;Interstellar (Spain);Interestelar (Chile)
22;movie;1825683;Black Panther;Black Panther (Spain);Pantera Negra (Chile)
22;show;0386676;The Office;The Office (Spain);The Office (Argentina)
22;show;0455275;Prison Break;Prison Break (Spain);Prison Break (Argentina)
22;show;2560140;Attack on Titan;Ataque a los titanes (Spain);ND
23;movie;0105236;Reservoir Dogs;Reservoir Dogs (Spain);Perros de la calle (Chile)
23;movie;0942385;Tropic Thunder;Tropic Thunder: ¡Una guerra muy perra! (Spain);Una guerra de película (Chile)
23;movie;5463162;Deadpool 2;Deadpool 2 (Spain);Deadpool 2 (Chile)
23;show;2560140;Attack on Titan;Ataque a los titanes (Spain);ND
23;show;5626028;My Hero Academia;My Hero Academia (Spain);ND
23;show;2741602;The Blacklist;The Blacklist (Spain);The Blacklist (Argentina)
24;movie;1014759;Alice in Wonderland;Alicia en el País de las Maravillas (Spain);Alicia en el país de las maravillas (Argentina)
24;movie;1587310;Maleficent;Maléfica (Spain);Maléfica (Chile)
24;movie;3183660;Fantastic Beasts and Where to Find Them;Animales fantásticos y dónde encontrarlos (Spain);Animales fantásticos y dónde encontrarlos (Chile)
24;show;0413573;Grey's Anatomy;Anatomía de Grey (Spain);Grey's Anatomy (Argentina)
24;show;1632701;Suits;Suits (Spain);La ley de los audaces (Argentina)
24;show;5421602;Anne with an E;Anne with an E (Spain);Anne with an E (Argentina)
25;movie;0245429;Spirited Away;Chihiroren bidaia (Spain) (Basque title);El viaje de Chihiro (Chile)
25;movie;0414387;Pride & Prejudice;Pride & Prejudice (Orgullo y prejuicio) (Spain);Orgullo y prejuicio (Argentina)
25;movie;10530176;The Call;El teléfono (Spain);ND
25;show;7078180;Violet Evergarden;ND;ND
25;show;12343534;Jujutsu Kaisen;Jujutsu Kaisen (Spain);ND
25;show;13067118;The Penthouse: War in Life;ND;ND
26;movie;0232500;The Fast and the Furious;A todo gas (Spain) (alternative title);Rápido y furioso (Argentina)
26;movie;0322259;2 Fast 2 Furious;2 Fast 2 Furious: A todo gas 2 (Spain);+rápido +furioso (Chile)
26;movie;1905041;Fast & Furious 6;Fast & Furious 6 (Spain);Rápidos y furiosos 6 (Chile)
26;show;0413573;Grey's Anatomy;Anatomía de Grey (Spain);Grey's Anatomy (Argentina)
26;show;4474344;Blindspot;Blindspot (Spain);ND
26;show;2442560;Peaky Blinders;Peaky Blinders (Spain);Peaky Blinders (Argentina)
27;movie;0816692;Interstellar;Interstellar (Spain);Interestelar (Chile)
27;movie;0993846;The Wolf of Wall Street;El lobo de Wall Street (Spain);El lobo de Wall Street (Chile)
27;movie;1130884;Shutter Island;Shutter Island (Spain);La isla siniestra (Argentina)
27;show;1520211;The Walking Dead;The Walking Dead (Spain);The Walking Dead (Argentina)
27;show;0108778;Friends;Friends (Spain);Friends (Argentina)
27;show;8005374;Explained;En pocas palabras (Spain);En pocas palabras (Argentina)
28;movie;0068646;The Godfather;El padrino (Spain);El padrino (Chile)
28;movie;1504320;The King's Speech;El discurso del rey (Spain);El discurso del rey (Chile)
28;movie;7286456;Joker;Joker (Spain);Guasón (Chile)
28;show;2531336;Lupin;Lupin (Spain);Lupin (Argentina)
28;show;0108778;Friends;Friends (Spain);Friends (Argentina)
28;show;7134908;Elite;Élite (Spain);ND
29;movie;4154796;Avengers: Endgame;Vengadores: Endgame (Spain);Avengers: Endgame (Chile)
29;movie;12133722;Have a Good Trip;Buen viaje: Aventuras psicodélicas (Spain);Buen viaje: Aventuras psicodélicas (Argentina)
29;movie;1570728;Crazy, Stupid, Love.;Crazy, Stupid, Love. (Spain);Loco y estúpido amor (Chile)
29;show;1442437;Modern Family;Modern Family (Spain);Modern Family (Argentina)
29;show;6468322;Money Heist;La Casa de Papel: Parte 3 (Spain) (third season title);ND
29;show;2467372;Brooklyn Nine-Nine;Brooklyn Nine-Nine (Spain);ND
30;movie;0451279;Wonder Woman;Wonder Woman (Spain);Mujer Maravilla (Chile)
30;movie;1041829;The Proposal;La proposición (Spain);La propuesta (Argentina)
30;movie;0425123;Just Like Heaven;Ojalá fuera cierto (Spain);Como si fuera cierto (Argentina)
30;show;1442109;Life Unexpected;Una vida inesperada (Spain);ND
30;show;2399794;Chasing Life;ND;ND
30;show;0460627;Bones;Bones (Spain);ND
31;movie;0230011;Atlantis: The Lost Empire;Atlantis: El imperio perdido (Spain);Atlantis: El imperio perdido (Chile)
31;movie;0325980;Pirates of the Caribbean: The Curse of the Black Pearl;Piratas del Caribe: La maldición de la Perla Negra (Spain);La maldición del Perla Negra (Argentina)
31;movie;0449088;Pirates of the Caribbean: At World's End;Piratas del Caribe: En el fin del mundo (Spain);Piratas del Caribe - En el fin del mundo (Argentina)
31;show;0948103;Tengen toppa gurren lagann;ND;ND
31;show;3837246;Assassination Classroom;Assassination Classroom (Spain);ND
31;show;5249462;Erased;Desaparecido (Spain);ND
32;movie;10431500;Miracle in Cell No. 7;Milagro en la celda 7 (Spain);ND
32;movie;10676012;To All the Boys: Always and Forever;A todos los chicos: Para siempre (Spain);A todos los chicos: Para siempre, Lara Jean (Argentina)
32;movie;3799232;The Kissing Booth;Mi primer beso (Spain);El stand de los besos (Argentina)
32;show;0413573;Grey's Anatomy;Anatomía de Grey (Spain);Grey's Anatomy (Argentina)
32;show;2261391;Chicago Fire;Chicago Fire (Spain);ND
32;show;0452046;Criminal Minds;Mentes criminales (Spain);ND
33;movie;0120689;The Green Mile;La milla verde (Spain);Milagros inesperados (Argentina)
33;movie;1935859;Miss Peregrine's Home for Peculiar Children;El hogar de Miss Peregrine para niños peculiares (Spain);Miss Peregrine y los niños peculiares (Chile)
33;movie;0223897;Pay It Forward;Cadena de favores (Spain);Cadena de favores (Argentina)
33;show;4574334;Stranger Things;Stranger Things (Spain);Stranger Things (Argentina)
33;show;0903747;Breaking Bad;Breaking Bad (Spain);Breaking Bad (Argentina)
33;show;2442560;Peaky Blinders;Peaky Blinders (Spain);Peaky Blinders (Argentina)
35;movie;0499549;Avatar;Avatar (Spain);Avatar (Argentina)
35;movie;4154796;Avengers: Endgame;Vengadores: Endgame (Spain);Avengers: Endgame (Chile)
35;movie;1392170;The Hunger Games;Los juegos del hambre (Spain);Los juegos del hambre (Chile)
35;show;0944947;Game of Thrones;Juego de tronos (Spain);Game of Thrones (Chile)
35;show;2661044;The 100;Los 100 (Spain);ND
35;show;5753856;Dark;Dark (Spain);Dark (Argentina)
45;movie;1586265;What to Expect When You're Expecting;Qué esperar cuando estás esperando (Spain);Qué esperar cuando estás esperando (Chile)
45;movie;2119532;Hacksaw Ridge;Hasta el último hombre (Spain);Hasta el último hombre (Chile)
45;movie;0251127;How to Lose a Guy in 10 Days;Cómo perder a un chico en 10 días (Spain);Cómo perder a un hombre en 10 días (Argentina)
45;show;1864750;The Time in Between;El tiempo entre costuras (Spain);El tiempo entre costuras (Chile)
45;show;1094229;Heartland;Heartland (Spain);ND
45;show;7817340;New Amsterdam;New Amsterdam (Spain);ND
46;movie;0118799;Life Is Beautiful;La vida es bella (Spain);La vida es bella (Argentina)
46;movie;0066921;A Clockwork Orange;La naranja mecánica (Spain);La naranja mecánica (Chile)
46;movie;0993846;The Wolf of Wall Street;El lobo de Wall Street (Spain);El lobo de Wall Street (Chile)
46;show;0903747;Breaking Bad;Breaking Bad (Spain);Breaking Bad (Argentina)
46;show;2306299;Vikings;Vikingos (Spain);Vikingos (Argentina)
46;show;0944947;Game of Thrones;Juego de tronos (Spain);Game of Thrones (Chile)
47;movie;1401106;Coraline;ND;ND
47;movie;0245429;Spirited Away;Chihiroren bidaia (Spain) (Basque title);El viaje de Chihiro (Chile)
47;movie;0095444;Killer Klowns from Outer Space;Killer Klowns (Payasos asesinos) (Spain) (DVD title);Asesinos de otra galaxia (Argentina)
47;show;0233127;Yo soy Betty, la fea;Yo soy Betty, la fea (Spain);Betty, la fea (Argentina) (short title)
47;show;1442437;Modern Family;Modern Family (Spain);Modern Family (Argentina)
47;show;0412142;House;House (Spain);Dr. House (Chile)
48;movie;0848228;The Avengers;Marvel: Los Vengadores (Spain) (alternative title);The Avengers: Los vengadores (Chile)
48;movie;3882082;The Boy;The Boy (Spain);El niño (Chile)
48;movie;1636826;Project X;Project X (Spain);Proyecto X (Chile)
48;show;0417299;Avatar: The Last Airbender;Avatar: el último maestro aire (Spain) (alternative spelling);ND
48;show;2955402;Velvet;Galerías Velvet (Spain) (working title);ND
48;show;2006421;Gran Hotel;Gran Hotel (Spain);ND
49;movie;1291584;Warrior;Warrior (Spain);La última pelea (Argentina)
49;movie;1675434;The Intouchables;Intocable (Spain);Amigos (Chile)
49;movie;0328880;Brother Bear;Hermano oso (Spain);Tierra de osos (Chile)
49;show;0455275;Prison Break;Prison Break (Spain);Prison Break (Argentina)
49;show;3398228;BoJack Horseman;BoJack Horseman (Spain);ND
49;show;6257970;The End of the F***ing World;The End of the F***ing World (Spain);The End of the F***ing World (Argentina)
50;movie;0266543;Finding Nemo;Buscando a Nemo (Spain);Buscando a Nemo (Chile)
50;movie;0120783;The Parent Trap;Tú a Londres y yo a California (Spain);Juego de gemelas (Argentina)
50;movie;0454921;The Pursuit of Happyness;En busca de la felicidad (Spain);En busca de la felicidad (Argentina)
50;show;6315640;Atypical;Atípico (Spain);ND
50;show;2085059;Black Mirror;Black Mirror (Spain);ND
50;show;1520211;The Walking Dead;The Walking Dead (Spain);The Walking Dead (Argentina)
51;movie;10879920;My Tender Matador;ND;Tengo Miedo Torero (Argentina)
51;movie;10431500;Miracle in Cell No. 7;Milagro en la celda 7 (Spain);ND
51;movie;0110413;Léon: The Professional;El profesional (Léon) (Spain);El perfecto asesino (Argentina)
51;show;0903747;Breaking Bad;Breaking Bad (Spain);Breaking Bad (Argentina)
51;show;7562112;Pose;Pose (Spain);ND
51;show;2707408;Narcos;Narcos (Spain);ND
52;movie;0325980;Pirates of the Caribbean: The Curse of the Black Pearl;Piratas del Caribe: La maldición de la Perla Negra (Spain);La maldición del Perla Negra (Argentina)
52;movie;1872194;The Judge;El juez (Spain);El juez (Chile)
52;movie;0240772;Ocean's Eleven;Ocean's Eleven (Spain);La gran estafa (Argentina)
52;show;0412142;House;House (Spain);Dr. House (Chile)
52;show;1190634;The Boys;The Boys (Spain);The Boys (Argentina)
52;show;3107288;The Flash;The Flash (Spain);ND
53;movie;4154756;Avengers: Infinity War;Vengadores: La guerra del infinito - 1ª parte (Spain) (alternative title);Avengers: Infinity War (Chile)
53;movie;0816692;Interstellar;Interstellar (Spain);Interestelar (Chile)
53;movie;1392170;The Hunger Games;Los juegos del hambre (Spain);Los juegos del hambre (Chile)
53;show;2861424;Rick and Morty;Rick y Morty (Spain);Rick y Morty (Argentina)
53;show;5651844;Travelers;Viajeros (Spain);Viajeros (Argentina)
53;show;0898266;The Big Bang Theory;Big Bang (Spain);La teoría del Big Bang (Argentina)
54;movie;0330373;Harry Potter and the Goblet of Fire;Harry Potter y el cáliz de fuego (Spain);Harry Potter y el cáliz de fuego (Argentina)
54;movie;0816692;Interstellar;Interstellar (Spain);Interestelar (Chile)
54;movie;0450259;Blood Diamond;Diamante de sangre (Spain);Diamante de sangre (Argentina)
54;show;2306299;Vikings;Vikingos (Spain);Vikingos (Argentina)
54;show;2861424;Rick and Morty;Rick y Morty (Spain);Rick y Morty (Argentina)
54;show;8420184;The Last Dance;El último baile (Spain);El último baile (Argentina)
55;movie;0468569;The Dark Knight;El caballero oscuro (Spain);Batman - El caballero de la noche (Argentina)
55;movie;0109830;Forrest Gump;Forrest Gump (Spain);Forrest Gump (Argentina)
55;movie;0332452;Troy;Troya (Spain);Troya (Argentina)
55;show;2560140;Attack on Titan;Ataque a los titanes (Spain);ND
55;show;1355642;Fullmetal Alchemist: Brotherhood;Fullmetal Alchemist: Brotherhood (Spain);ND
55;show;0214341;Dragon Ball Z;As bólas máxicas (Spain) (Gallegan title);Dragon Ball Z (Argentina)
56;movie;1375666;Inception;Origen (Spain);El origen (Chile)
56;movie;5311514;Your Name.;Your Name. (Spain);Your Name. (Chile)
56;show;1375666;Inception;Origen (Spain);El origen (Chile)
56;show;0903747;Breaking Bad;Breaking Bad (Spain);Breaking Bad (Argentina)
56;show;0212671;Malcolm in the Middle;Malcolm (Spain);Malcolm (Argentina)
57;movie;1130884;Shutter Island;Shutter Island (Spain);La isla siniestra (Argentina)
57;movie;0319061;Big Fish;Big Fish (Spain);El gran pez (Argentina)
57;movie;7131622;Once Upon a Time... In Hollywood;Érase una vez en... Hollywood (Spain);Había Una Vez en Hollywood (Chile)
57;show;0903747;Breaking Bad;Breaking Bad (Spain);Breaking Bad (Argentina)
57;show;0455275;Prison Break;Prison Break (Spain);Prison Break (Argentina)
57;show;2560140;Attack on Titan;Ataque a los titanes (Spain);ND
58;movie;0109830;Forrest Gump;Forrest Gump (Spain);Forrest Gump (Argentina)
58;movie;0137523;Fight Club;El club de la lucha (Spain);El club de la pelea (Argentina)
58;movie;0078788;Apocalypse Now;Apocalypse Now (Spain);Apocalipsis Now (Argentina)
58;show;0903747;Breaking Bad;Breaking Bad (Spain);Breaking Bad (Argentina)
58;show;3398228;BoJack Horseman;BoJack Horseman (Spain);ND
58;show;5421602;Anne with an E;Anne with an E (Spain);Anne with an E (Argentina)
59;movie;0211915;Amélie;Amelie (Spain);El fabuloso destino de Amelie Poulain (Chile)
59;movie;6751668;Parasite;Parásitos (Spain);Parasite (Chile)
59;movie;7784604;Hereditary;Hereditary (Spain);El legado del diablo (Chile)
59;show;0388629;One Piece;One Piece (Spain) (Gallegan title);One Piece (Chile)
59;show;2155025;Please Like Me;Please Like Me (Spain);ND
59;show;2372162;Orange Is the New Black;Orange Is the New Black (Spain);ND
60;movie;2278388;The Grand Budapest Hotel;El gran hotel Budapest (Spain);El Gran Hotel Budapest (Chile)
60;movie;1663662;Pacific Rim;Pacific Rim (Spain);Titanes del Pacífico (Chile)
60;movie;0383574;Pirates of the Caribbean: Dead Man's Chest;Piratas del Caribe: El cofre del hombre muerto (Spain);Piratas del Caribe - El cofre de la muerte (Argentina)
60;show;3322312;Daredevil;Daredevil (Spain);Daredevil (Argentina)
60;show;6763664;The Haunting of Hill House;La maldición de Hill House (Spain);ND
60;show;0460681;Supernatural;Sobrenatural (Spain);ND
61;movie;7713068;Birds of Prey;Aves de presa (y la fantabulosa emancipación de Harley Quinn) (Spain);Aves de presa (Chile)
61;movie;0816711;World War Z;Guerra mundial Z (Spain);Guerra mundial Z (Chile)
61;movie;0247638;The Princess Diaries;Princesa por sorpresa (Spain);El diario de la princesa (Argentina)
61;show;0413573;Grey's Anatomy;Anatomía de Grey (Spain);Grey's Anatomy (Argentina)
61;show;0455275;Prison Break;Prison Break (Spain);Prison Break (Argentina)
61;show;0397442;Gossip Girl;Gossip Girl (Spain);Gossip Girl: Chica Indiscreta (Argentina)
62;movie;0129290;Patch Adams;Patch Adams (Spain);Patch Adams (Argentina)
62;movie;2333784;The Expendables 3;Los mercenarios 3 (Spain);Los indestructibles 3 (Chile)
62;movie;0393162;Coach Carter;Entrenador Carter (Spain) (literal title);Juego de honor (Argentina) (video title)
62;show;2442560;Peaky Blinders;Peaky Blinders (Spain);Peaky Blinders (Argentina)
62;show;9140560;WandaVision;Bruja Escarlata y Visión (Spain);WandaVision (Argentina)
62;show;0903747;Breaking Bad;Breaking Bad (Spain);Breaking Bad (Argentina)
63;movie;1028532;Hachi: A Dog's Tale;Siempre a tu lado (Spain) (alternative title);Siempre a tu lado (Chile)
63;movie;0317219;Cars;Cars (Spain);Cars (Argentina)
63;movie;0114709;Toy Story;Toy Story (Juguetes) (Spain) (complete title);Toy Story (Argentina)
64;movie;1201607;Harry Potter and the Deathly Hallows: Part 2;Harry Potter y las Reliquias de la Muerte - Parte 2 (Spain);Harry Potter y las Reliquias de la Muerte: Parte 2 (Chile)
64;movie;4857264;The Invisible Guest;El invitado invisible (Spain) (working title);Contratiempo (Argentina)
64;movie;0111161;The Shawshank Redemption;Cadena perpetua (Spain);Sueños de Libertad (Chile)
64;show;1442437;Modern Family;Modern Family (Spain);Modern Family (Argentina)
64;show;0411008;Lost;Perdidos (Spain);Lost (Chile)
64;show;5753856;Dark;Dark (Spain);Dark (Argentina)
65;movie;1041829;The Proposal;La proposición (Spain);La propuesta (Argentina)
65;movie;0381707;White Chicks;Dos rubias de pelo en pecho (Spain);¿Y Dónde Están Las Rubias? (Chile)
65;movie;1596363;The Big Short;La gran apuesta (Spain);La gran apuesta (Chile)
65;show;0108778;Friends;Friends (Spain);Friends (Argentina)
65;show;0413573;Grey's Anatomy;Anatomía de Grey (Spain);Grey's Anatomy (Argentina)
65;show;5421602;Anne with an E;Anne with an E (Spain);Anne with an E (Argentina)
66;movie;0816692;Interstellar;Interstellar (Spain);Interestelar (Chile)
66;movie;1375666;Inception;Origen (Spain);El origen (Chile)
66;movie;0468569;The Dark Knight;El caballero oscuro (Spain);Batman - El caballero de la noche (Argentina)
66;show;2442560;Peaky Blinders;Peaky Blinders (Spain);Peaky Blinders (Argentina)
66;show;2306299;Vikings;Vikingos (Spain);Vikingos (Argentina)
66;show;0944947;Game of Thrones;Juego de tronos (Spain);Game of Thrones (Chile)
67;movie;0816692;Interstellar;Interstellar (Spain);Interestelar (Chile)
67;movie;0423294;Surf's Up;Locos por el surf (Spain);Reyes de las olas (Argentina)
67;movie;1130884;Shutter Island;Shutter Island (Spain);La isla siniestra (Argentina)
67;show;0988824;Naruto: Shippûden;Naruto: Shippûden (Spain);Naruto Shippuden (Chile)
67;show;0460649;How I Met Your Mother;Cómo conocí a vuestra madre (Spain);ND
67;show;0386676;The Office;The Office (Spain);The Office (Argentina)
68;movie;0816692;Interstellar;Interstellar (Spain);Interestelar (Chile)
68;movie;1130884;Shutter Island;Shutter Island (Spain);La isla siniestra (Argentina)
68;show;0944947;Game of Thrones;Juego de tronos (Spain);Game of Thrones (Chile)
68;show;4620502;Vikings: The Viking Sagas;ND;ND
68;show;5753856;Dark;Dark (Spain);Dark (Argentina)
69;movie;0325980;Pirates of the Caribbean: The Curse of the Black Pearl;Piratas del Caribe: La maldición de la Perla Negra (Spain);La maldición del Perla Negra (Argentina)
69;movie;0126029;Shrek;Shrek (Spain);Shrek (Argentina)
69;movie;1649419;The Impossible;Lo imposible (Spain);Lo imposible (Argentina)
69;show;6468322;Money Heist;La Casa de Papel: Parte 3 (Spain) (third season title);ND
69;show;0108778;Friends;Friends (Spain);Friends (Argentina)
69;show;7134908;Elite;Élite (Spain);ND
70;movie;0126029;Shrek;Shrek (Spain);Shrek (Argentina)
70;movie;0298148;Shrek 2;Shrek 2 (Spain);Shrek 2 (Argentina)
70;movie;0475293;High School Musical;High School Musical (Spain);High School Musical (Argentina) (DVD title)
70;show;11937816;Who Killed Sara?;¿Quién mató a Sara? (Spain);ND
70;show;7134908;Elite;Élite (Spain);ND
70;show;8690776;Sky Rojo;Sky Rojo (Spain);ND
71;movie;0251127;How to Lose a Guy in 10 Days;Cómo perder a un chico en 10 días (Spain);Cómo perder a un hombre en 10 días (Argentina)
71;movie;0458352;The Devil Wears Prada;El diablo viste de Prada (Spain);El Diablo Viste a la Moda (Chile)
71;movie;4103724;Forever My Girl;Hasta que te encontré (Spain);ND
71;show;0413573;Grey's Anatomy;Anatomía de Grey (Spain);Grey's Anatomy (Argentina)
71;show;0460649;How I Met Your Mother;Cómo conocí a vuestra madre (Spain);ND
71;show;0397442;Gossip Girl;Gossip Girl (Spain);Gossip Girl: Chica Indiscreta (Argentina)
72;movie;2582802;Whiplash;Whiplash (Spain);Whiplash, Música y Obsesión (Chile)
72;movie;0121766;Star Wars: Episode III - Revenge of the Sith;Star Wars: Episodio III - La venganza de los sith (Spain);Star Wars: Episodio III - La venganza de los Sith (Argentina)
72;movie;4154796;Avengers: Endgame;Vengadores: Endgame (Spain);Avengers: Endgame (Chile)
72;show;0412142;House;House (Spain);Dr. House (Chile)
72;show;0386676;The Office;The Office (Spain);The Office (Argentina)
72;show;8289930;Formula 1: Drive to Survive;Fórmula 1: La emoción de un Grand Prix (Spain);Formula 1: Drive to Survive (Argentina)
73;movie;2395427;Avengers: Age of Ultron;Vengadores: La era de Ultrón (Spain);Avengers: Era de Ultrón (Chile)
73;movie;1670345;Now You See Me;Ahora me ves... (Spain);Los ilusionistas: Nada es lo que parece (Chile)
73;movie;0418279;Transformers;Transformers (Spain);Transformers (Argentina)
73;show;0413573;Grey's Anatomy;Anatomía de Grey (Spain);Grey's Anatomy (Argentina)
73;show;0397442;Gossip Girl;Gossip Girl (Spain);Gossip Girl: Chica Indiscreta (Argentina)
73;show;7569592;Chilling Adventures of Sabrina;Las escalofriantes aventuras de Sabrina (Spain);El mundo oculto de Sabrina (Argentina)
74;movie;3797868;The Choice;La decisión (En nombre del amor) (Spain);En nombre del amor (Chile)
74;movie;2543472;Wonder;Wonder (Spain);Extraordinario (Chile)
74;show;2171665;Violetta;Violetta (Spain);Violetta (Argentina)
74;show;0108778;Friends;Friends (Spain);Friends (Argentina)
74;show;6468322;Money Heist;La Casa de Papel: Parte 3 (Spain) (third season title);ND
75;movie;0365830;Tenacious D in the Pick of Destiny;Dando la nota (Spain);Delirios de fama - Tenacious D (Argentina)
75;movie;1675434;The Intouchables;Intocable (Spain);Amigos (Chile)
75;movie;0133240;Treasure Planet;El planeta del tesoro (Spain);El planeta del tesoro (Argentina)
75;show;0481256;Hajime no ippo;ND;ND
75;show;0903747;Breaking Bad;Breaking Bad (Spain);Breaking Bad (Argentina)
75;show;0965547;Slam Dunk;ND;ND
76;movie;0068646;The Godfather;El padrino (Spain);El padrino (Chile)
76;movie;0080684;Star Wars: Episode V - The Empire Strikes Back;Star Wars: Episodio V - El Imperio contraataca (Spain) (alternative title);El imperio contraataca (Chile)
76;movie;6751668;Parasite;Parásitos (Spain);Parasite (Chile)
76;show;5753856;Dark;Dark (Spain);Dark (Argentina)
76;show;0903747;Breaking Bad;Breaking Bad (Spain);Breaking Bad (Argentina)
76;show;2560140;Attack on Titan;Ataque a los titanes (Spain);ND
77;movie;0172495;Gladiator;Gladiator (Spain) (alternative title);Gladiador (Chile)
77;movie;0126029;Shrek;Shrek (Spain);Shrek (Argentina)
77;movie;0381061;Casino Royale;007: Casino Royale (Spain) (alternative title);Casino Royale (Argentina)
77;show;1632701;Suits;Suits (Spain);La ley de los audaces (Argentina)
77;show;0944947;Game of Thrones;Juego de tronos (Spain);Game of Thrones (Chile)
77;show;0212671;Malcolm in the Middle;Malcolm (Spain);Malcolm (Argentina)
78;movie;1375666;Inception;Origen (Spain);El origen (Chile)
78;movie;0482571;The Prestige;El truco final (El prestigio) (Spain);El gran truco (Argentina)
78;movie;0468569;The Dark Knight;El caballero oscuro (Spain);Batman - El caballero de la noche (Argentina)
78;show;0944947;Game of Thrones;Juego de tronos (Spain);Game of Thrones (Chile)
78;show;0185906;Band of Brothers;Hermanos de sangre (Spain);Band of Brothers (Argentina)
78;show;2707408;Narcos;Narcos (Spain);ND
79;movie;2119532;Hacksaw Ridge;Hasta el último hombre (Spain);Hasta el último hombre (Chile)
79;movie;1924396;The Best Offer;La mejor oferta (Spain);La mejor oferta (Chile)
79;movie;0114709;Toy Story;Toy Story (Juguetes) (Spain) (complete title);Toy Story (Argentina)
79;show;6468322;Money Heist;La Casa de Papel: Parte 3 (Spain) (third season title);ND
79;show;1520211;The Walking Dead;The Walking Dead (Spain);The Walking Dead (Argentina)
79;show;2193021;Arrow;Arrow (Spain);ND
80;movie;5311514;Your Name.;Your Name. (Spain);Your Name. (Chile)
80;movie;5700672;Train to Busan;Train to Busan (Spain);Estación Zombie (Chile)
80;movie;0298148;Shrek 2;Shrek 2 (Spain);Shrek 2 (Argentina)
80;show;6157148;Weightlifting Fairy Kim Bok-Joo;ND;El hada de las pesas (Argentina)
80;show;11239552;Itaewon Class;Itaewon Class (Spain);Itaewon Class (Argentina)
80;show;4925000;Descendants of the Sun;Tae-yang-eui hoo-ye (Spain);Descendientes del sol (Argentina) (alternative spelling)
81;movie;0211915;Amélie;Amelie (Spain);El fabuloso destino de Amelie Poulain (Chile)
81;movie;2278388;The Grand Budapest Hotel;El gran hotel Budapest (Spain);El Gran Hotel Budapest (Chile)
81;movie;0108052;Schindler's List;La llista de Schindler (Spain) (Catalan title);La lista de Schindler (Chile)
81;show;0238784;Gilmore Girls;Las chicas Gilmore (Spain);Gilmore Girls (Argentina)
81;show;0413573;Grey's Anatomy;Anatomía de Grey (Spain);Grey's Anatomy (Argentina)
81;show;10048342;The Queen's Gambit;Gambito de dama (Spain);Gambito de dama (Argentina)
82;movie;0086250;Scarface;El precio del poder (Spain);Caracortada (Chile)
82;movie;0071562;The Godfather: Part II;El padrí II (Spain) (Catalan title);El padrino II (Chile)
82;movie;3890160;Baby Driver;Baby Driver (Spain);Baby: El aprendiz del crimen (Chile)
82;show;3032476;Better Call Saul;Better Call Saul (Spain);Better Call Saul (Argentina)
82;show;0417299;Avatar: The Last Airbender;Avatar: el último maestro aire (Spain) (alternative spelling);ND
82;show;2560140;Attack on Titan;Ataque a los titanes (Spain);ND
83;movie;2948372;Soul;Soul (Spain);Soul (Chile)
83;movie;4154756;Avengers: Infinity War;Vengadores: La guerra del infinito - 1ª parte (Spain) (alternative title);Avengers: Infinity War (Chile)
83;movie;0448115;Shazam!;¡Shazam! (Spain);¡Shazam! (Chile)
83;show;1305826;Adventure Time;Hora de aventuras (Spain);Hora de Aventura (Chile)
83;show;8146754;Infinity Train;Infinity Train (Spain);El tren infinito (Chile)
83;show;9140560;WandaVision;Bruja Escarlata y Visión (Spain);WandaVision (Argentina)
84;movie;3149038;A Brilliant Young Mind;X+Y (Spain);ND
84;movie;0119217;Good Will Hunting;El indomable Will Hunting (Spain);En Busca del Destino (Chile)
84;movie;0330373;Harry Potter and the Goblet of Fire;Harry Potter y el cáliz de fuego (Spain);Harry Potter y el cáliz de fuego (Argentina)
84;show;0460649;How I Met Your Mother;Cómo conocí a vuestra madre (Spain);ND
84;show;0165598;That '70s Show;Aquellos maravillosos 70 (Spain);That '70s Show (Argentina)
84;show;0108778;Friends;Friends (Spain);Friends (Argentina)
85;movie;0137523;Fight Club;El club de la lucha (Spain);El club de la pelea (Argentina)
85;movie;0259711;Vanilla Sky;Vanilla Sky (Spain);Vanilla Sky (Argentina)
85;movie;1931533;Seven Psychopaths;Siete psicópatas (Spain);Sie7e psicópatas (Chile)
85;show;0460649;How I Met Your Mother;Cómo conocí a vuestra madre (Spain);ND
85;show;0988824;Naruto: Shippûden;Naruto: Shippûden (Spain);Naruto Shippuden (Chile)
85;show;2560140;Attack on Titan;Ataque a los titanes (Spain);ND
86;movie;0361748;Inglourious Basterds;Malditos bastardos (Spain);Bastardos sin gloria (Argentina)
86;movie;0120669;Fear and Loathing in Las Vegas;Miedo y asco en Las Vegas (Spain);Pánico y locura en Las Vegas (Chile)
86;movie;0076759;Star Wars: Episode IV - A New Hope;Star Wars: Episodio IV - Una nueva esperanza (Spain) (alternative title);La guerra de las galaxias (Chile)
86;show;0898266;The Big Bang Theory;Big Bang (Spain);La teoría del Big Bang (Argentina)
86;show;1442437;Modern Family;Modern Family (Spain);Modern Family (Argentina)
86;show;2442560;Peaky Blinders;Peaky Blinders (Spain);Peaky Blinders (Argentina)
87;movie;0327597;Coraline;Los mundos de Coraline (Spain);Coraline y la puerta secreta (Argentina)
87;movie;0338348;The Polar Express;Polar Express (Spain);El expreso polar (Chile)
87;movie;1477076;Saw: The Final Chapter;Saw VII 3D (Spain);El juego del miedo VII (Chile)
87;show;4574334;Stranger Things;Stranger Things (Spain);Stranger Things (Argentina)
87;show;0413573;Grey's Anatomy;Anatomía de Grey (Spain);Grey's Anatomy (Argentina)
87;show;1837492;13 Reasons Why;Por trece razones (Spain);Por 13 razones (Argentina)
88;movie;0347149;Howl's Moving Castle;El castillo ambulante (Spain);El castillo ambulante (Chile)
88;movie;0120762;Mulan;Mulán (Spain);Mulan (Argentina)
88;movie;4154796;Avengers: Endgame;Vengadores: Endgame (Spain);Avengers: Endgame (Chile)
88;show;12343534;Jujutsu Kaisen;Jujutsu Kaisen (Spain);ND
88;show;1355642;Fullmetal Alchemist: Brotherhood;Fullmetal Alchemist: Brotherhood (Spain);ND
88;show;0412142;House;House (Spain);Dr. House (Chile)
89;movie;0110912;Pulp Fiction;Pulp Fiction (Spain);Pulp Fiction: Tiempos violentos (Chile)
89;movie;7131622;Once Upon a Time... In Hollywood;Érase una vez en... Hollywood (Spain);Había Una Vez en Hollywood (Chile)
89;movie;0361748;Inglourious Basterds;Malditos bastardos (Spain);Bastardos sin gloria (Argentina)
89;show;0455275;Prison Break;Prison Break (Spain);Prison Break (Argentina)
89;show;1632701;Suits;Suits (Spain);La ley de los audaces (Argentina)
89;show;2442560;Peaky Blinders;Peaky Blinders (Spain);Peaky Blinders (Argentina)
90;movie;0071853;Monty Python and the Holy Grail;Los caballeros de la mesa cuadrada (Spain) (short title);Los caballeros de la mesa cuadrada (Argentina)
90;movie;3799694;The Nice Guys;Dos buenos tipos (Spain);Dos tipos peligrosos (Chile)
90;movie;1276104;Looper;Looper (Spain);Looper: Asesinos del futuro (Chile)
90;show;0367279;Arrested Development;Arrested Development (Spain);Sacrificios De Familia (Chile) (dubbed version)
90;show;5290382;Mindhunter;Mindhunter (Spain);Mindhunter (Argentina)
90;show;5712554;The Grand Tour;The Grand Tour (Spain);ND
91;movie;5311514;Your Name.;Your Name. (Spain);Your Name. (Chile)
91;movie;0289879;The Butterfly Effect;El efecto mariposa (Spain);El efecto mariposa (Argentina)
91;movie;0298148;Shrek 2;Shrek 2 (Spain);Shrek 2 (Argentina)
91;show;3895150;Shigatsu wa kimi no uso;Your Lie in April (Spain);ND
91;show;1124373;Sons of Anarchy;Hijos de la anarquía (Spain);ND
91;show;7767422;Sex Education;Sex Education (Spain);Sex Education (Argentina)
92;movie;1438254;Charlie St. Cloud;Siempre a mi lado (Spain);Más allá del cielo (Argentina)
92;movie;4857264;The Invisible Guest;ND;ND
92;movie;2674426;Me Before You;Antes de ti (Spain);Yo antes de ti (Chile)
92;show;7053188;Station 19;Estación 19 (Spain);ND
92;show;0413573;Grey's Anatomy;Anatomía de Grey (Spain);Grey's Anatomy (Argentina)
92;show;0455275;Prison Break;Prison Break (Spain);Prison Break (Argentina)
93;movie;0088763;Back to the Future;Retorn al futur (Spain) (Catalan title);Volver al futuro (Chile)
93;movie;0387564;Saw;Saw (Spain);El juego del miedo (Argentina)
93;movie;0315327;Bruce Almighty;Como Dios (Spain);Todopoderoso (Argentina)
93;show;10048342;The Queen's Gambit;Gambito de dama (Spain);Gambito de dama (Argentina)
93;show;0212671;Malcolm in the Middle;Malcolm (Spain);Malcolm (Argentina)
93;show;0412142;House;House (Spain);Dr. House (Chile)
94;movie;0245712;Amores Perros;Amores perros (Spain);ND
94;movie;2562232;Birdman or (The Unexpected Virtue of Ignorance);Birdman o (La inesperada virtud de la ignorancia) (Spain);Birdman o (La Inesperada Virtud de la Ignorancia) (Chile)
94;movie;1164999;Biutiful;Biutiful (Spain);ND
94;show;0903747;Breaking Bad;Breaking Bad (Spain);Breaking Bad (Argentina)
94;show;0455275;Prison Break;Prison Break (Spain);Prison Break (Argentina)
94;show;2085059;Black Mirror;Black Mirror (Spain);ND
95;movie;0468569;The Dark Knight;El caballero oscuro (Spain);Batman - El caballero de la noche (Argentina)
95;movie;1675434;The Intouchables;Intocable (Spain);Amigos (Chile)
95;movie;8228288;The Platform;La plataforma (Spain) (working title);ND
95;show;2531336;Lupin;Lupin (Spain);Lupin (Argentina)
95;show;1632701;Suits;Suits (Spain);La ley de los audaces (Argentina)
95;show;2442560;Peaky Blinders;Peaky Blinders (Spain);Peaky Blinders (Argentina)
96;movie;0119116;The Fifth Element;El quinto elemento (Spain);El quinto elemento (Argentina)
96;movie;0069293;Solaris;Solaris (Spain);Solaris (Argentina)
96;movie;0133093;The Matrix;Matrix (Spain);Matrix (Argentina)
96;show;1475582;Sherlock;Sherlock (Spain);ND
96;show;3398228;BoJack Horseman;BoJack Horseman (Spain);ND
96;show;0417299;Avatar: The Last Airbender;Avatar: el último maestro aire (Spain) (alternative spelling);ND
97;movie;4016934;The Handmaiden;La doncella (Spain);La doncella (Argentina)
97;movie;0347149;Howl's Moving Castle;El castillo ambulante (Spain);El castillo ambulante (Chile)
97;movie;0298148;Shrek 2;Shrek 2 (Spain);Shrek 2 (Argentina)
97;show;8673610;Cells at Work!;ND;Cells at Work! (Argentina)
97;show;2155025;Please Like Me;Please Like Me (Spain);ND
97;show;6354518;The Disastrous Life of Saiki K.;The Disastrous Life of Saiki K (Spain);ND
98;movie;2802144;Kingsman: The Secret Service;Kingsman: Servicio secreto (Spain);Kingsman: El servicio secreto (Chile)
98;movie;0347149;Howl's Moving Castle;El castillo ambulante (Spain);El castillo ambulante (Chile)
98;movie;3890160;Baby Driver;Baby Driver (Spain);Baby: El aprendiz del crimen (Chile)
98;show;0417299;Avatar: The Last Airbender;Avatar: el último maestro aire (Spain) (alternative spelling);ND
98;show;5994364;Guardian: The Lonely and Great God;ND;Goblin: El solitario ser inmortal (Argentina) (alternative spelling)
98;show;9184982;Tribes of Europa;Tribus de Europa (Spain);Tribus de Europa (Argentina)
99;movie;1211837;Doctor Strange;Doctor Extraño (Spain) (alternative title);Doctor Strange: Hechicero Supremo (Chile)
99;movie;2543164;Arrival;La llegada (Spain);La Llegada (Chile)
99;movie;0298148;Shrek 2;Shrek 2 (Spain);Shrek 2 (Argentina)
99;show;1475582;Sherlock;Sherlock (Spain);ND
99;show;6470478;The Good Doctor;The Good Doctor (Spain);ND
99;show;6315640;Atypical;Atípico (Spain);ND
100;movie;0376541;Closer;Closer (Spain);Closer: Llevados por el deseo (Chile)
100;movie;1022603;500 Days of Summer;(500) días juntos (Spain);500 Días Con Summer (Chile) (alternative title)
100;movie;0108052;Schindler's List;La llista de Schindler (Spain) (Catalan title);La lista de Schindler (Chile)
100;show;0108778;Friends;Friends (Spain);Friends (Argentina)
100;show;0903747;Breaking Bad;Breaking Bad (Spain);Breaking Bad (Argentina)
100;show;4524056;Vis a vis;Vis a vis (Spain);ND
101;movie;0339918;Wolves of Wall Street;Lobos de Wall Street (Spain);ND
101;movie;3201640;Extinction;Extinción (Spain);ND
101;movie;0848228;The Avengers;Marvel: Los Vengadores (Spain) (alternative title);The Avengers: Los vengadores (Chile)
101;show;2531336;Lupin;Lupin (Spain);Lupin (Argentina)
101;show;4574334;Stranger Things;Stranger Things (Spain);Stranger Things (Argentina)
101;show;6468322;Money Heist;La Casa de Papel: Parte 3 (Spain) (third season title);ND
102;movie;1375666;Inception;Origen (Spain);El origen (Chile)
102;movie;0499549;Avatar;Avatar (Spain);Avatar (Argentina)
102;movie;0418279;Transformers;Transformers (Spain);Transformers (Argentina)
102;show;5753856;Dark;Dark (Spain);Dark (Argentina)
102;show;0413573;Grey's Anatomy;Anatomía de Grey (Spain);Grey's Anatomy (Argentina)
102;show;0096697;The Simpsons;Los Simpson (Spain);Los Simpson (Argentina)
103;movie;0099088;Back to the Future Part III;Regreso al futuro. Parte III (Spain);Volver al futuro III (Chile)
103;movie;2140203;Wolf Children;Wolf Children (Los niños lobo) (Spain);Los niños lobos (Argentina)
103;movie;1856101;Blade Runner 2049;Blade Runner 2049 (Spain);Blade Runner 2049 (Chile)
103;show;0417299;Avatar: The Last Airbender;Avatar: el último maestro aire (Spain) (alternative spelling);ND
103;show;12013558;BNA;ND;BNA (Argentina)
103;show;2387612;Persona 4: The Animation;ND;ND
104;movie;0097165;Dead Poets Society;El club de los poetas muertos (Spain);La sociedad de los poetas muertos (Argentina)
104;movie;1375666;Inception;Origen (Spain);El origen (Chile)
104;movie;0478087;21;21: Black Jack (Spain);21 Blackjack (Argentina)
104;show;6470478;The Good Doctor;The Good Doctor (Spain);ND
104;show;0412142;House;House (Spain);Dr. House (Chile)
104;show;8673610;Cells at Work!;ND;Cells at Work! (Argentina)
105;movie;0167260;The Lord of the Rings: The Return of the King;El señor de los anillos: El retorno del rey (Spain);El señor de los anillos: El retorno del rey (Argentina)
105;movie;0109830;Forrest Gump;Forrest Gump (Spain);Forrest Gump (Argentina)
105;movie;0468569;The Dark Knight;El caballero oscuro (Spain);Batman - El caballero de la noche (Argentina)
105;show;1520211;The Walking Dead;The Walking Dead (Spain);The Walking Dead (Argentina)
105;show;1405406;The Vampire Diaries;Crónicas vampíricas (Spain);ND
105;show;0397442;Gossip Girl;Gossip Girl (Spain);Gossip Girl: Chica Indiscreta (Argentina)
106;movie;1638002;Love, Rosie;Los imprevistos del amor (Spain);Los imprevistos del amor (Chile)
106;movie;5541240;To the Bone;Hasta los huesos (Spain);Hasta el hueso (Chile) (alternative title)
106;movie;0084509;The Plague Dogs;Los Perros de la Plaga (Spain);ND
106;show;0460649;How I Met Your Mother;Cómo conocí a vuestra madre (Spain);ND
106;show;0388629;One Piece;One Piece (Spain) (Gallegan title);One Piece (Chile)
106;show;3475734;Agent Carter;Agente Carter (Spain);ND
107;movie;0080684;Star Wars: Episode V - The Empire Strikes Back;Star Wars: Episodio V - El Imperio contraataca (Spain) (alternative title);El imperio contraataca (Chile)
107;movie;1853728;Django Unchained;Django desencadenado (Spain);Django sin cadenas (Chile)
107;movie;2582802;Whiplash;Whiplash (Spain);Whiplash, Música y Obsesión (Chile)
107;show;0386676;The Office;The Office (Spain);The Office (Argentina)
107;show;0903747;Breaking Bad;Breaking Bad (Spain);Breaking Bad (Argentina)
107;show;0944947;Game of Thrones;Juego de tronos (Spain);Game of Thrones (Chile)
